,0,1,2,3,4,5,6,7,8,9,10,11,12,13,14,15,16,17,18,19,20,21,22,23,24,25,26,27,28,29,30,31,32,33,34,35,36,37,38,39,40,41,42,43,44,45,46,47,48,49,50,51,52,53,54,55,56,57,58,59,60,61,62,63,64,65
0,0.0,0.045132866998316326,0.028925010640453178,0.020983576898389988,0.043737399087185526,0.030900853589117486,0.0688571915685163,0.028551678534833078,0.02221446043771086,0.03227522474161447,0.030261944480243982,0.032816306273972785,0.020371516740353094,0.02076040407760006,0.030763994654921686,0.019654372532125455,0.02072580776822958,0.026171034553597542,0.045956129898711624,0.028787096343098038,0.043029416715082626,0.04362907049381765,0.012447063663400192,0.05827016673444881,0.04184040280057965,0.0199147718711547,0.030696353688898555,0.023283011162962823,0.02934572661975171,0.022218898429692442,0.0217935949142592,0.029248101436491227,0.0264365516504696,0.0,0.0,0.0,0.0,0.0,0.0,0.0,0.0,0.0,0.0,0.0,0.0,0.0,0.0,0.0,0.0,0.0,0.0,0.0,0.0,0.0,0.0,0.0,0.0,0.0,0.0,0.0,0.0,0.0,0.0,0.0,0.0,0.0
1,0.03758840275296134,0.0,0.033656280213491103,0.015995101713578774,0.04065374730007249,0.03149802535349769,0.03566745343451671,0.022285234227460465,0.020453156503719327,0.02225511886918315,0.026514250984196026,0.03388213680837105,0.02107926259799251,0.020708139080185976,0.027912295657917342,0.022154103550325537,0.019558129115309155,0.02694100032391879,0.06970865417231796,0.036034818631499044,0.0588514968302935,0.037960344625503774,0.013778900110649429,0.038980512208225,0.09534150902549762,0.02028507659112787,0.0215168309632613,0.02272218162224498,0.031345088219931386,0.021569943230641705,0.022241308782946195,0.02404888209441848,0.026812614404744323,0.0,0.0,0.0,0.0,0.0,0.0,0.0,0.0,0.0,0.0,0.0,0.0,0.0,0.0,0.0,0.0,0.0,0.0,0.0,0.0,0.0,0.0,0.0,0.0,0.0,0.0,0.0,0.0,0.0,0.0,0.0,0.0,0.0
2,0.025532504891182393,0.03567180308417765,0.0,0.014199714515573347,0.03927517519491634,0.030589660564310756,0.026014905689621257,0.019921343757717463,0.021784879089842665,0.018494549241002887,0.025490475062302093,0.049886476348504544,0.031009530995815927,0.025209224411292988,0.028556974615364786,0.060637886972428216,0.02203145437088976,0.03858639623285376,0.056437694818148275,0.049659373465638756,0.04045463636939277,0.03253201514094049,0.018117917100696754,0.026604686258299086,0.03644894181785494,0.02847469374702524,0.01807182813920652,0.024376511886271452,0.044810350501233304,0.025387722030104715,0.0314215399235439,0.02098657355040218,0.03332256021344475,0.0,0.0,0.0,0.0,0.0,0.0,0.0,0.0,0.0,0.0,0.0,0.0,0.0,0.0,0.0,0.0,0.0,0.0,0.0,0.0,0.0,0.0,0.0,0.0,0.0,0.0,0.0,0.0,0.0,0.0,0.0,0.0,0.0
3,0.03347249059648731,0.030636176597019296,0.02566068373367485,0.0,0.04841280313656453,0.02986211453889821,0.03493301066568131,0.06958437286638425,0.026885029081785864,0.045143291671270486,0.03960388973028983,0.03213896524454884,0.019723703048376416,0.021847454734228153,0.03822109683180167,0.01784822811986033,0.023794268443244528,0.026127499684965708,0.03581366002354913,0.023906693183780962,0.03136320115416832,0.045425490046017265,0.010790938992249624,0.030869058223651095,0.029343674515381828,0.0199228163733368,0.04782867967698817,0.024933459724451282,0.02665837055600849,0.024324214196359967,0.02157140418144779,0.03614964700237764,0.027203613425150007,0.0,0.0,0.0,0.0,0.0,0.0,0.0,0.0,0.0,0.0,0.0,0.0,0.0,0.0,0.0,0.0,0.0,0.0,0.0,0.0,0.0,0.0,0.0,0.0,0.0,0.0,0.0,0.0,0.0,0.0,0.0,0.0,0.0
4,0.02797711569739373,0.031224077728327002,0.02846087316992547,0.019413404662199606,0.0,0.050294089896158,0.027542083157618864,0.02910750502374485,0.03242844155768036,0.024314879609134237,0.052366661834174766,0.034516933913143734,0.020741747085759252,0.028477795507914235,0.050669727340141274,0.019802987903749868,0.027593676081228192,0.02969834985888171,0.03826007212116223,0.025168161340276444,0.030677027868394033,0.061483079233807386,0.01077747924272142,0.0261981105063134,0.0297882132149065,0.02163916953272422,0.023828206687676448,0.04397089212093926,0.026895002448728333,0.02997409579259417,0.022900071508711605,0.037779824263701196,0.03603024409016824,0.0,0.0,0.0,0.0,0.0,0.0,0.0,0.0,0.0,0.0,0.0,0.0,0.0,0.0,0.0,0.0,0.0,0.0,0.0,0.0,0.0,0.0,0.0,0.0,0.0,0.0,0.0,0.0,0.0,0.0,0.0,0.0,0.0
5,0.028734771348703482,0.03516896992395954,0.03222493357818211,0.017408017669119504,0.07311462177235538,0.0,0.02793651224214734,0.02538002187050701,0.027548564149827478,0.022663334507225474,0.037186071694227496,0.03631583777419567,0.021825975008988217,0.028857618365753155,0.03923728053119874,0.022134773134302586,0.025331420895944683,0.03133240365233813,0.04403453416689713,0.02822240206771802,0.033605140993041585,0.054112276963552225,0.011598905198161712,0.02719727157201277,0.033446006364582094,0.022521049359858086,0.02209366848506368,0.0403284733856057,0.028662322639736997,0.028750036701354648,0.0238611189952648,0.031102460416975463,0.03806320457119908,0.0,0.0,0.0,0.0,0.0,0.0,0.0,0.0,0.0,0.0,0.0,0.0,0.0,0.0,0.0,0.0,0.0,0.0,0.0,0.0,0.0,0.0,0.0,0.0,0.0,0.0,0.0,0.0,0.0,0.0,0.0,0.0,0.0
6,0.06752506622382295,0.04199783151780367,0.028901346230339055,0.021475496951634313,0.04222430531428466,0.02946121335845048,0.0,0.028687643203897134,0.022294863709806358,0.03240116018136185,0.029772144462196625,0.033442922498336,0.02084300817477752,0.020692031049499286,0.030607573084423887,0.019723945903901224,0.020921589183965892,0.02642744471782068,0.044732774222422035,0.028838077962693148,0.0432621299117276,0.04076851289382271,0.012834679160770607,0.06906652504122093,0.03998000685125781,0.02027012364653366,0.03106340363883186,0.02279696521420457,0.030262265033585974,0.022306027625223435,0.022271383775977743,0.027894747820338885,0.026252791435067268,0.0,0.0,0.0,0.0,0.0,0.0,0.0,0.0,0.0,0.0,0.0,0.0,0.0,0.0,0.0,0.0,0.0,0.0,0.0,0.0,0.0,0.0,0.0,0.0,0.0,0.0,0.0,0.0,0.0,0.0,0.0,0.0,0.0
7,0.03284993908868611,0.03078641909843597,0.02596579694879842,0.05018872158882773,0.052354970485751495,0.03140202435062353,0.03365751754642234,0.0,0.028340044988150265,0.0415012849904604,0.044488097286699946,0.03246534764635072,0.019860271175733232,0.02262506599507012,0.04115829379214773,0.018064834100968912,0.024649510952119997,0.026597620259705246,0.036109353595445766,0.024029236572278675,0.031228400016571685,0.04927325029837775,0.01076436738512333,0.030109240466651914,0.029429678454250208,0.020174433854329474,0.042689982938898516,0.02633990719857463,0.026644745514208566,0.025175252876256923,0.021768311058800154,0.041153170163565726,0.02815490931171443,0.0,0.0,0.0,0.0,0.0,0.0,0.0,0.0,0.0,0.0,0.0,0.0,0.0,0.0,0.0,0.0,0.0,0.0,0.0,0.0,0.0,0.0,0.0,0.0,0.0,0.0,0.0,0.0,0.0,0.0,0.0,0.0,0.0
8,0.024676873386882632,0.02728058982300294,0.027415086534391956,0.018722177861287888,0.05631582570033131,0.0329091043138234,0.025254773163738788,0.027362260643444228,0.0,0.021976662601809256,0.04426726864883819,0.03753735225108993,0.02234367243324969,0.03257321773230604,0.07309323435248566,0.019506258967582145,0.04759051367803761,0.03266380115049326,0.03441772603788924,0.02379686183996423,0.028374001205078485,0.039650922911476275,0.010723511679046147,0.0240277403164164,0.02648999746854526,0.02417650994191462,0.021752365867496952,0.03540606417312053,0.02755675953320234,0.041027904212286935,0.025298055269674338,0.027712599960630656,0.03810030634046276,0.0,0.0,0.0,0.0,0.0,0.0,0.0,0.0,0.0,0.0,0.0,0.0,0.0,0.0,0.0,0.0,0.0,0.0,0.0,0.0,0.0,0.0,0.0,0.0,0.0,0.0,0.0,0.0,0.0,0.0,0.0,0.0,0.0
9,0.03847193417773784,0.031852513977056705,0.024974603411100058,0.033733349154051,0.04531029441856424,0.029051013324218982,0.03938397923670901,0.042996525920573965,0.023582080800303922,0.0,0.034479014825879034,0.030291285225925075,0.018650997359242926,0.02022152040573249,0.033402950239300455,0.017247744749632702,0.02124562352187446,0.024508037319578752,0.03609656625450485,0.023661281219306367,0.03197488337173332,0.04551761217216553,0.010542230245620494,0.03343901186884455,0.03024485163756377,0.01865015407235066,0.10880408303474583,0.023187823624881237,0.025697815074567067,0.022149528824344848,0.0202548160232573,0.034977434901781485,0.025398439606851026,0.0,0.0,0.0,0.0,0.0,0.0,0.0,0.0,0.0,0.0,0.0,0.0,0.0,0.0,0.0,0.0,0.0,0.0,0.0,0.0,0.0,0.0,0.0,0.0,0.0,0.0,0.0,0.0,0.0,0.0,0.0,0.0,0.0
10,0.027663121922405463,0.02910199584741048,0.026397475394023488,0.022695183361106576,0.0748357758589508,0.0365550509547765,0.027752286162258655,0.03534640661031945,0.036427781534802674,0.026441401021134812,0.0,0.033365955282658226,0.020132032673273348,0.026268044557814417,0.06370875237445844,0.01846873147604702,0.02872335501705742,0.028278716351416645,0.035333175117429005,0.023612513600687373,0.029265415727368384,0.05337261649684346,0.010402000419286121,0.02592945670388341,0.027884107548828682,0.020991143736458853,0.02616416713499553,0.034073933620118124,0.026082616348011175,0.029282161690173888,0.022310578969595474,0.04071767244901383,0.032416374037392184,0.0,0.0,0.0,0.0,0.0,0.0,0.0,0.0,0.0,0.0,0.0,0.0,0.0,0.0,0.0,0.0,0.0,0.0,0.0,0.0,0.0,0.0,0.0,0.0,0.0,0.0,0.0,0.0,0.0,0.0,0.0,0.0,0.0
11,0.021979936812621136,0.027248750082413172,0.03785294521696645,0.013494603414272775,0.03614256485038353,0.02615745828122802,0.022841533226602217,0.018899655050065852,0.022633202834684944,0.01702078938082191,0.024447583943791484,0.0,0.06483529494341982,0.026725545006340102,0.02848457072187744,0.02953846653943232,0.024306760278772047,0.057046628845386076,0.03783527673010338,0.029532965132777377,0.030745801500742447,0.028919707940971356,0.014505950056462068,0.022766918335155203,0.027310901909731445,0.06053777150832594,0.016716925648100924,0.02307682354092373,0.04256791978972913,0.028173226001164023,0.08451452274516055,0.019195541666472606,0.033943458065100456,0.0,0.0,0.0,0.0,0.0,0.0,0.0,0.0,0.0,0.0,0.0,0.0,0.0,0.0,0.0,0.0,0.0,0.0,0.0,0.0,0.0,0.0,0.0,0.0,0.0,0.0,0.0,0.0,0.0,0.0,0.0,0.0,0.0
12,0.02227250261016848,0.02767197255218643,0.03840793471447784,0.013518409602870401,0.03545202136580311,0.025661499932189875,0.02323755008741546,0.018872433515422834,0.021991043903616662,0.017106965045323868,0.024078471763240572,0.10583282792079396,0.0,0.02511127182837941,0.027830101518227426,0.029811271515495077,0.023339037375152086,0.047718573853494185,0.03853168361871102,0.03057072247518985,0.03168124976137657,0.028689462390551704,0.01563528586700059,0.023245255048152797,0.02783508039148835,0.04543946543880412,0.016797761050599977,0.022326510771921357,0.04803569587433233,0.026638351291170075,0.06568488782524332,0.019070715872618545,0.03190398321858172,0.0,0.0,0.0,0.0,0.0,0.0,0.0,0.0,0.0,0.0,0.0,0.0,0.0,0.0,0.0,0.0,0.0,0.0,0.0,0.0,0.0,0.0,0.0,0.0,0.0,0.0,0.0,0.0,0.0,0.0,0.0,0.0,0.0
13,0.022634865605104828,0.027109545823868333,0.03113735412005698,0.014932566540621391,0.048539857794553935,0.033834934044355516,0.023005386076438768,0.021440210709371924,0.03197042551488047,0.018496143149628205,0.03133036839410115,0.04350427595253033,0.02504177873321677,0.0,0.03923073750047422,0.022565668441934292,0.03529149841483845,0.04268502381128131,0.0359051141452066,0.02536362989550151,0.028397004647116822,0.034730257073139294,0.011185016204880674,0.022434813937655767,0.026547252150781173,0.028638717169444213,0.018184589169855957,0.037067594773387495,0.029202710743865497,0.0534446303196124,0.028777028872798295,0.022818991819936792,0.08455200844956064,0.0,0.0,0.0,0.0,0.0,0.0,0.0,0.0,0.0,0.0,0.0,0.0,0.0,0.0,0.0,0.0,0.0,0.0,0.0,0.0,0.0,0.0,0.0,0.0,0.0,0.0,0.0,0.0,0.0,0.0,0.0,0.0,0.0
14,0.025761151785299634,0.028064490143782175,0.027090364492539435,0.020063984687044574,0.06633170050826147,0.0353332982611854,0.026135795968036037,0.029955528678845916,0.05509920915184253,0.023465652225410156,0.05836026951322265,0.03561192784604939,0.021315311632676328,0.030130539217630654,0.0,0.019126694494870814,0.035987298793497345,0.030710526644873417,0.03491340025185382,0.023769387567461137,0.028741045044457566,0.04447906250993721,0.010575918447688026,0.024714366750093288,0.027099078589434777,0.022678236356368463,0.023221999057757712,0.037629385046701415,0.02687556132310573,0.035095540354433616,0.023884974759338127,0.0315378101709853,0.036240489725315884,0.0,0.0,0.0,0.0,0.0,0.0,0.0,0.0,0.0,0.0,0.0,0.0,0.0,0.0,0.0,0.0,0.0,0.0,0.0,0.0,0.0,0.0,0.0,0.0,0.0,0.0,0.0,0.0,0.0,0.0,0.0,0.0,0.0
15,0.02413950726145622,0.03267100164600921,0.0843710356895158,0.01374218586481438,0.03802331297636724,0.029235264223431933,0.02470286397196415,0.019284139819624218,0.021566955368510363,0.017771610569341893,0.024814294018634764,0.05416520857137384,0.03348914533340863,0.025419985725834496,0.02805347009460512,0.0,0.022056992323662566,0.04125330731774006,0.04958019637929779,0.04205389548531574,0.037009274433324274,0.03114056618380628,0.017299018581258017,0.025104429399486986,0.033182502747736396,0.03037544583046967,0.017384728355885896,0.023881409729061755,0.04531940698340605,0.025576408815968593,0.03357212658289375,0.020194381200194372,0.0335659285155996,0.0,0.0,0.0,0.0,0.0,0.0,0.0,0.0,0.0,0.0,0.0,0.0,0.0,0.0,0.0,0.0,0.0,0.0,0.0,0.0,0.0,0.0,0.0,0.0,0.0,0.0,0.0,0.0,0.0,0.0,0.0,0.0,0.0
16,0.024092759493885625,0.027298666889493155,0.029013381624732625,0.01733959418399136,0.05014581060121776,0.031666302868563714,0.0248001345051227,0.024904651187720665,0.04980134917333643,0.020719048879498426,0.03652631708712425,0.04218571498148204,0.024814890645216175,0.03762730032452856,0.04995762457410313,0.02087623389932324,0.0,0.037520193852019185,0.035104334963342414,0.024738163046616232,0.02885232360586023,0.036546572108124724,0.011289810321458968,0.023828394379918297,0.02667691726122155,0.02774892839217668,0.020473944985015025,0.0333817258633112,0.029477544291243784,0.0566187650250353,0.028610978832108645,0.025066898013325473,0.04229472413988231,0.0,0.0,0.0,0.0,0.0,0.0,0.0,0.0,0.0,0.0,0.0,0.0,0.0,0.0,0.0,0.0,0.0,0.0,0.0,0.0,0.0,0.0,0.0,0.0,0.0,0.0,0.0,0.0,0.0,0.0,0.0,0.0,0.0
17,0.022820453040437044,0.028206950664162445,0.03811691067013442,0.014282121219849871,0.040484213343629144,0.02938054277217165,0.023498645566954315,0.02015780450116848,0.025639864785832744,0.017928219391812012,0.026974829117655426,0.074267125139275,0.03805793090859922,0.034137898375677,0.031979236139103674,0.02928821646500157,0.028144488819490377,0.0,0.038862149431222036,0.029261762705160538,0.030903688312580523,0.03150117995649684,0.013481985006354683,0.023272219158796452,0.02805707390196092,0.053907534089605184,0.01761033678588423,0.026871327965232613,0.03715988473598883,0.03450242428705483,0.046840674099248636,0.020795030331695837,0.04360727831176355,0.0,0.0,0.0,0.0,0.0,0.0,0.0,0.0,0.0,0.0,0.0,0.0,0.0,0.0,0.0,0.0,0.0,0.0,0.0,0.0,0.0,0.0,0.0,0.0,0.0,0.0,0.0,0.0,0.0,0.0,0.0,0.0,0.0
18,0.03142189843169957,0.05722881073412076,0.04371579115780769,0.015350734884962509,0.040896370920284066,0.03237763397876568,0.03118883061465451,0.021458816341452424,0.021184429938890498,0.020705232761653442,0.0264281812905096,0.03862327920698328,0.024096907161622872,0.022516618310304548,0.028507463052509365,0.02760120211123594,0.02064784077562506,0.030472804006980478,0.0,0.052283135060446094,0.06031666777722678,0.03617753868278121,0.016454359330314815,0.033099282137925665,0.06314239562798056,0.022832623986504715,0.020121646281381016,0.02382896810070362,0.03666689796931264,0.023133498992915662,0.025112374194972475,0.022988174784407824,0.02941959139306474,0.0,0.0,0.0,0.0,0.0,0.0,0.0,0.0,0.0,0.0,0.0,0.0,0.0,0.0,0.0,0.0,0.0,0.0,0.0,0.0,0.0,0.0,0.0,0.0,0.0,0.0,0.0,0.0,0.0,0.0,0.0,0.0,0.0
19,0.02806822345273036,0.042186981770418366,0.05485274975904797,0.014612619119987258,0.03836353055455612,0.029591962597764542,0.028672638703240338,0.020363579188249083,0.02088730409644494,0.01935443845569862,0.02518575210494655,0.04299197271023906,0.027263217807228148,0.02268226152390478,0.027676585323131574,0.0333852073244346,0.020749585812644335,0.032720066455711065,0.07455722121087785,0.0,0.05303689903144335,0.03296675362008967,0.02135245691683349,0.030083693272020262,0.04486666029945364,0.024857391106243965,0.01887215106230908,0.022927631952624452,0.04488674958630987,0.023359778237121886,0.027735677140248896,0.021308384249763487,0.029579875554282566,0.0,0.0,0.0,0.0,0.0,0.0,0.0,0.0,0.0,0.0,0.0,0.0,0.0,0.0,0.0,0.0,0.0,0.0,0.0,0.0,0.0,0.0,0.0,0.0,0.0,0.0,0.0,0.0,0.0,0.0,0.0,0.0,0.0
20,0.03501135480645718,0.05749631636259591,0.03728995532217255,0.01599761841992711,0.039021750977177826,0.029404372111237646,0.03589513916139764,0.022084637138194183,0.02078306887460862,0.0218261773966367,0.026049164284720216,0.0373501657375574,0.023577627906299883,0.02119209402674966,0.027926947182434235,0.024517987027819484,0.020195247157713894,0.02883702151493807,0.07177807818452556,0.04425929759562182,0.0,0.03518136987536483,0.017440786983268935,0.04028329575028014,0.06658847845077275,0.022078439109215735,0.021197814441687456,0.022348491359692888,0.03741542042889709,0.02223843576044765,0.024523794908890978,0.022883940820815917,0.027325710921880127,0.0,0.0,0.0,0.0,0.0,0.0,0.0,0.0,0.0,0.0,0.0,0.0,0.0,0.0,0.0,0.0,0.0,0.0,0.0,0.0,0.0,0.0,0.0,0.0,0.0,0.0,0.0,0.0,0.0,0.0,0.0,0.0,0.0
21,0.033236215823803476,0.03472200594930786,0.028075446981194026,0.02169335501477272,0.07322194055062044,0.044329634376599,0.03166975959287341,0.032624502510945404,0.02719158645911216,0.029089773188526794,0.04447846010279745,0.032892188414483464,0.019989980324990806,0.024266184202561863,0.04046398822569859,0.01931491925123571,0.023950091604123817,0.027520673660098013,0.04030748066500083,0.025756967396930442,0.03293858193756803,0.0,0.010946195173973975,0.029659576501159527,0.032583176773944206,0.020367143813484884,0.028205756754525458,0.031383401797641354,0.026834090393376284,0.025733107974460025,0.021817969353182563,0.053852818044611915,0.03088302718639546,0.0,0.0,0.0,0.0,0.0,0.0,0.0,0.0,0.0,0.0,0.0,0.0,0.0,0.0,0.0,0.0,0.0,0.0,0.0,0.0,0.0,0.0,0.0,0.0,0.0,0.0,0.0,0.0,0.0,0.0,0.0,0.0,0.0
22,0.027130985236818988,0.0360622032410066,0.04473907761418124,0.01474515641896562,0.0367253432779297,0.02718807026558417,0.028527778747319668,0.020393146659128527,0.02104172399921685,0.019277752727575245,0.02480339676357328,0.04720718335688377,0.031171580782241054,0.02236109949204555,0.027529238490835873,0.0307008854948798,0.021169481454258728,0.03370149160798302,0.052455455096340795,0.04773417757801479,0.04672198378784346,0.03132032296942224,0.0,0.02965396983491875,0.03747817618453986,0.026761678362644384,0.018851224273146616,0.02199788961468056,0.06880629289782295,0.02354757731040789,0.03078533351838348,0.020668278511866697,0.02874204442953972,0.0,0.0,0.0,0.0,0.0,0.0,0.0,0.0,0.0,0.0,0.0,0.0,0.0,0.0,0.0,0.0,0.0,0.0,0.0,0.0,0.0,0.0,0.0,0.0,0.0,0.0,0.0,0.0,0.0,0.0,0.0,0.0,0.0
23,0.058443630568771485,0.04694372178255493,0.030229375231626582,0.019409117917233775,0.041078153212382375,0.029334520559442672,0.07063871958981041,0.02624749144541757,0.021694492348204707,0.028136470362633424,0.028449850103457058,0.03409246729214033,0.021324535912662552,0.02063817450276715,0.029601782541301056,0.020500859217276728,0.020559408983734543,0.026768581195235265,0.04855349855639054,0.030946035119351963,0.049656083573480156,0.03904993018434456,0.01364504943135638,0.0,0.04505711338788374,0.020543712121895222,0.027112463461621824,0.022505533680151023,0.03161438509129408,0.02210132924562012,0.02264385715279064,0.026191611116018552,0.026288045111148614,0.0,0.0,0.0,0.0,0.0,0.0,0.0,0.0,0.0,0.0,0.0,0.0,0.0,0.0,0.0,0.0,0.0,0.0,0.0,0.0,0.0,0.0,0.0,0.0,0.0,0.0,0.0,0.0,0.0,0.0,0.0,0.0,0.0
24,0.034883198384864575,0.09544243551117146,0.034425913171036646,0.015336506051229635,0.03882530797187852,0.029986614720304575,0.033989720383086654,0.02132568719397572,0.019881447202554046,0.021154226667267313,0.025431549947877823,0.033995367480366315,0.021225956388879225,0.020300086942491254,0.026980650494696043,0.022524769866165695,0.01913290888320367,0.026826217781764212,0.07699322724762812,0.03836428604908092,0.0682301105209032,0.035659746843269266,0.014335083773226703,0.0374535406578177,0.0,0.020260081879179992,0.020488863382850914,0.021958413527342322,0.032113786598217314,0.021139606396555943,0.022287470767296383,0.02275338730621385,0.026293830007603915,0.0,0.0,0.0,0.0,0.0,0.0,0.0,0.0,0.0,0.0,0.0,0.0,0.0,0.0,0.0,0.0,0.0,0.0,0.0,0.0,0.0,0.0,0.0,0.0,0.0,0.0,0.0,0.0,0.0,0.0,0.0,0.0,0.0
25,0.02150622403768854,0.02630295442166342,0.034835977012476746,0.013487487480253753,0.03653250344411709,0.02615412427099319,0.022321815512218134,0.018935957170882096,0.023503258312174466,0.0168964904758524,0.024798223601101115,0.09760644975137987,0.04488243288147237,0.028366141987181483,0.02924661161500092,0.026708055700930707,0.02577863791751139,0.06676285879732768,0.036062487700451736,0.027531337564596005,0.029303111585702875,0.028872430854565343,0.013258778716009714,0.02211957735293573,0.026242764616341577,0.0,0.016608409138682893,0.023615098847112666,0.037705679012904725,0.0302309452793689,0.06902086053529818,0.019215907010922326,0.03558640739488203,0.0,0.0,0.0,0.0,0.0,0.0,0.0,0.0,0.0,0.0,0.0,0.0,0.0,0.0,0.0,0.0,0.0,0.0,0.0,0.0,0.0,0.0,0.0,0.0,0.0,0.0,0.0,0.0,0.0,0.0,0.0,0.0,0.0
26,0.03719649057054554,0.03130635714156803,0.02480832073435096,0.03633248152423311,0.04513947979140856,0.028790270171760092,0.038383847326973225,0.04496123525495522,0.023728337577541173,0.11060776678624032,0.03468308582624018,0.030243694616380688,0.01861748113010557,0.020210476479792492,0.033604097059076465,0.017151964459529424,0.021342320084636462,0.024472563672439097,0.03566068775132865,0.02345414019350808,0.03156914393076759,0.04486599699615189,0.010479874519086446,0.03275617858980813,0.02977917090713665,0.018636072083731966,0.0,0.023137536822423355,0.025594159431854186,0.0221905162752932,0.020235975563102745,0.03470756927547094,0.025352707452559575,0.0,0.0,0.0,0.0,0.0,0.0,0.0,0.0,0.0,0.0,0.0,0.0,0.0,0.0,0.0,0.0,0.0,0.0,0.0,0.0,0.0,0.0,0.0,0.0,0.0,0.0,0.0,0.0,0.0,0.0,0.0,0.0,0.0
27,0.024988526588769346,0.029281315267145877,0.029638291677603637,0.016775502582151627,0.07377628705480002,0.04654531951829868,0.02494955627730194,0.0245704335693836,0.03420777221075988,0.02087789674232608,0.040005473524248776,0.03697777613548078,0.02191677785248903,0.036488313590998904,0.048228757631881225,0.020868548608442058,0.03082018276312356,0.03307404107493718,0.03740397574756354,0.02523734359650591,0.029478559447735597,0.04421462135340062,0.01083138186163826,0.024082407057091797,0.028267149874457723,0.023469424532474057,0.020492901344741996,0.0,0.027449569985216003,0.03597614408543059,0.02445992852375786,0.02819483527766139,0.04645098464218248,0.0,0.0,0.0,0.0,0.0,0.0,0.0,0.0,0.0,0.0,0.0,0.0,0.0,0.0,0.0,0.0,0.0,0.0,0.0,0.0,0.0,0.0,0.0,0.0,0.0,0.0,0.0,0.0,0.0,0.0,0.0,0.0,0.0
28,0.0267038274289239,0.034248155961673014,0.04619416166261261,0.015207356895573355,0.03826046536979379,0.028048055387152892,0.02808111593148747,0.021073530425511543,0.022573683325490645,0.01961779079712923,0.025964229425494683,0.05783281468549006,0.03998039481358641,0.024373039604441763,0.02920543234751029,0.03357713572796135,0.02307516772266081,0.038779270269311994,0.04879932819925966,0.04189186921396112,0.041844252821184154,0.03205382886136238,0.028724875232062116,0.028682860345127827,0.03505094419887474,0.0317721483409441,0.01922004232500421,0.023273552939191495,0.0,0.025775507551033888,0.037659131696929825,0.021247459088877728,0.031208571404380957,0.0,0.0,0.0,0.0,0.0,0.0,0.0,0.0,0.0,0.0,0.0,0.0,0.0,0.0,0.0,0.0,0.0,0.0,0.0,0.0,0.0,0.0,0.0,0.0,0.0,0.0,0.0,0.0,0.0,0.0,0.0,0.0,0.0
29,0.023274270186727064,0.027129488198504442,0.030127103967881968,0.015972903198064242,0.04908509699728242,0.03238580391781075,0.02382649007921856,0.022920519995090035,0.03868819937983605,0.0194645018844603,0.03355461975490325,0.04406090202094671,0.02552203127371549,0.051347051180982435,0.043901861186492905,0.021813426740283512,0.05101981279233083,0.041447638212042906,0.035440994631098253,0.025096040092903737,0.028629537114702293,0.03538426512122312,0.011316213308601303,0.023082402846114403,0.026560118224090334,0.02932354318857847,0.019182525221164263,0.03511289671004396,0.02967099623650498,0.0,0.02962255662751008,0.02374673187048574,0.05228945784040518,0.0,0.0,0.0,0.0,0.0,0.0,0.0,0.0,0.0,0.0,0.0,0.0,0.0,0.0,0.0,0.0,0.0,0.0,0.0,0.0,0.0,0.0,0.0,0.0,0.0,0.0,0.0,0.0,0.0,0.0,0.0,0.0,0.0
30,0.021272586544093443,0.026066985793224653,0.03474553425843274,0.01319961711696758,0.034944455525615044,0.0250463798159444,0.0221678162691499,0.01846771808229237,0.022229218689701787,0.016586126821610106,0.023823079763037026,0.1231646352426316,0.05864233224648955,0.025762930360456418,0.02784156619455452,0.026680935895235822,0.024024207012354613,0.05243378275630048,0.035850088069674456,0.027765988160592604,0.02941952407912939,0.027955685267548373,0.013785947926595587,0.0220369205241503,0.026093466009704986,0.06238540010471004,0.016300480052199393,0.022245650285956625,0.04039550873165356,0.027603262489380855,0.0,0.01863417574421118,0.03242799416640053,0.0,0.0,0.0,0.0,0.0,0.0,0.0,0.0,0.0,0.0,0.0,0.0,0.0,0.0,0.0,0.0,0.0,0.0,0.0,0.0,0.0,0.0,0.0,0.0,0.0,0.0,0.0,0.0,0.0,0.0,0.0,0.0,0.0
31,0.03221145054948474,0.031801422450405056,0.026183894564064857,0.024957906626353638,0.06504629287686386,0.03683579767541056,0.0313270376076812,0.03939244839761935,0.027474861464357396,0.03231661119472532,0.04905589300053098,0.031562851398651705,0.019210291044392015,0.02304978808736334,0.04147836105990936,0.018108143801708814,0.023748605689300685,0.026264478939826686,0.03702781801514833,0.024068335566145474,0.030974190182126795,0.07785480594852293,0.010442831083200734,0.028759669439240763,0.030056487118358993,0.019596777457816884,0.0315443530499768,0.028932146858044905,0.025715262299631038,0.024966801176003122,0.02102477536605675,0.0,0.029009610011076884,0.0,0.0,0.0,0.0,0.0,0.0,0.0,0.0,0.0,0.0,0.0,0.0,0.0,0.0,0.0,0.0,0.0,0.0,0.0,0.0,0.0,0.0,0.0,0.0,0.0,0.0,0.0,0.0,0.0,0.0,0.0,0.0,0.0
32,0.02346223073435653,0.02857213602697488,0.033502943177812,0.015135005497017451,0.0499898363106087,0.03632725441603932,0.023758787366181856,0.021717793788334445,0.03043957607009409,0.018910228893376718,0.03147201647282119,0.04497631163239621,0.025897852354585263,0.06882501364145352,0.03840926567709247,0.024254590328693648,0.032290562680882116,0.04438335277369236,0.038186702709956555,0.026924259906416646,0.029805232077215554,0.03597897193198547,0.011702630638676915,0.02326118637772925,0.027989678215412855,0.029245551273867208,0.01856836498960708,0.03841120371596496,0.03043755332136534,0.04430217891359304,0.029484458562379027,0.023377269523417232,0.0,0.0,0.0,0.0,0.0,0.0,0.0,0.0,0.0,0.0,0.0,0.0,0.0,0.0,0.0,0.0,0.0,0.0,0.0,0.0,0.0,0.0,0.0,0.0,0.0,0.0,0.0,0.0,0.0,0.0,0.0,0.0,0.0,0.0
33,0.0,0.0,0.0,0.0,0.0,0.0,0.0,0.0,0.0,0.0,0.0,0.0,0.0,0.0,0.0,0.0,0.0,0.0,0.0,0.0,0.0,0.0,0.0,0.0,0.0,0.0,0.0,0.0,0.0,0.0,0.0,0.0,0.0,0.0,0.04308834139966466,0.031760709069998526,0.027397874218626335,0.0302499398439326,0.0329400494743386,0.08310450234355328,0.043881376199345186,0.027044207680812823,0.03778093476656844,0.02094195507255047,0.021830620198510422,0.019430007391561248,0.02908551037804424,0.02929334434512721,0.029927909117134464,0.025772746654277676,0.019892391826576924,0.03228832834432529,0.03204093136054251,0.038395744374450695,0.029743057186133775,0.024034765375310286,0.056356424154937766,0.033681361326836114,0.017126232814968917,0.023521094016260645,0.0326574801794071,0.016148417729932123,0.033051639613563576,0.02046670011276862,0.02911489626347865,0.02795050716646057
34,0.0,0.0,0.0,0.0,0.0,0.0,0.0,0.0,0.0,0.0,0.0,0.0,0.0,0.0,0.0,0.0,0.0,0.0,0.0,0.0,0.0,0.0,0.0,0.0,0.0,0.0,0.0,0.0,0.0,0.0,0.0,0.0,0.0,0.043269479036938195,0.0,0.037623764946818024,0.021261986019899277,0.028625403724968624,0.0341835036975432,0.043825494590581215,0.034869464079542375,0.025350020217515864,0.02652239981121284,0.0186801015044021,0.02294703852656377,0.02046842802901059,0.0295366634948775,0.027058346981190858,0.03434399795254722,0.024760306886141628,0.020847755581002072,0.04986183832068811,0.040832792922089224,0.05346315957003282,0.026346277842396234,0.02708738017973163,0.03838169811115278,0.07813673796105827,0.017759986648289778,0.016785276939093624,0.03244688636846701,0.017560386878587977,0.032666226009092886,0.021264675848802223,0.024372042979133,0.028860478340628756
35,0.0,0.0,0.0,0.0,0.0,0.0,0.0,0.0,0.0,0.0,0.0,0.0,0.0,0.0,0.0,0.0,0.0,0.0,0.0,0.0,0.0,0.0,0.0,0.0,0.0,0.0,0.0,0.0,0.0,0.0,0.0,0.0,0.0,0.02866230514054744,0.03381125482132457,0.0,0.01840714069386318,0.026968641175775607,0.03237410722486182,0.03117215848364315,0.030397411019409105,0.026330737234296516,0.02149396547103739,0.017513288215605567,0.032947963720931554,0.0293639293537915,0.03506466895709006,0.026996520765669017,0.09167071614606281,0.027199553719277774,0.02911854739102234,0.039367764270926184,0.054875422666357435,0.035838952406511485,0.02201861426999292,0.034733665407702945,0.025546104369814065,0.02913050919564139,0.024311678370195773,0.013748084333748025,0.033945675770561526,0.024481206707795952,0.03749415683662332,0.02929650339065506,0.020740941978476136,0.03497781049078837
36,0.0,0.0,0.0,0.0,0.0,0.0,0.0,0.0,0.0,0.0,0.0,0.0,0.0,0.0,0.0,0.0,0.0,0.0,0.0,0.0,0.0,0.0,0.0,0.0,0.0,0.0,0.0,0.0,0.0,0.0,0.0,0.0,0.0,0.037246055077028356,0.02878361603181152,0.027728655994832506,0.0,0.03295154064311875,0.03132696062936362,0.041491123774656725,0.10524567193673953,0.03221016409122003,0.05200445870911606,0.02697131800346101,0.02104031324489342,0.01851322117297583,0.030122129302242152,0.0358156888939295,0.02674583952462321,0.029118267362584865,0.01954375001684454,0.024762515065407026,0.02618609335125983,0.0275411423310946,0.030475665649272603,0.020505773069325,0.029380858512044826,0.023246212841114593,0.016860916335730673,0.03606642145865327,0.0344167616177077,0.014436524155936893,0.03560846377510603,0.019936150415813685,0.03541323172110035,0.02830449529099128
37,0.0,0.0,0.0,0.0,0.0,0.0,0.0,0.0,0.0,0.0,0.0,0.0,0.0,0.0,0.0,0.0,0.0,0.0,0.0,0.0,0.0,0.0,0.0,0.0,0.0,0.0,0.0,0.0,0.0,0.0,0.0,0.0,0.0,0.03097736164593484,0.029191044968820856,0.03060258056884055,0.024821739976084896,0.0,0.0525005547338592,0.032551064877743605,0.04380732583480431,0.03865963405914393,0.027872037343485413,0.03548693176141927,0.02248545895706923,0.01937260854017515,0.03906973104656741,0.04724631755469313,0.029528479382663307,0.033600981888415635,0.022105055065538802,0.026323344332122904,0.027431649774727,0.02680551041463275,0.04104482641474536,0.02037902203735727,0.024811916204613527,0.023481800881500745,0.01822301635358709,0.017879495237673973,0.06039513694969724,0.014492718735571435,0.04366261512054183,0.02105954375402338,0.0368273668510067,0.03730312873293932
38,0.0,0.0,0.0,0.0,0.0,0.0,0.0,0.0,0.0,0.0,0.0,0.0,0.0,0.0,0.0,0.0,0.0,0.0,0.0,0.0,0.0,0.0,0.0,0.0,0.0,0.0,0.0,0.0,0.0,0.0,0.0,0.0,0.0,0.032656174723129656,0.03374704488252844,0.03556460087100901,0.0228452498200188,0.05082589624449099,0.0,0.033888838095871995,0.03920575594806137,0.0337090650522884,0.026664686304204096,0.025864848662583782,0.02428184547941802,0.020923411685971578,0.04063596881479683,0.037552112652857746,0.03387673243517196,0.03166051944487903,0.02393696435653824,0.031096016997999375,0.031572610436421324,0.03013926107060803,0.037077863418736735,0.022511229775386388,0.026438191996333613,0.02706121511691054,0.01946634321172433,0.01701562111989473,0.05685446194882619,0.015852791008483844,0.04298511910653545,0.022522624923828675,0.031118708098799745,0.04044822629569111
39,0.0,0.0,0.0,0.0,0.0,0.0,0.0,0.0,0.0,0.0,0.0,0.0,0.0,0.0,0.0,0.0,0.0,0.0,0.0,0.0,0.0,0.0,0.0,0.0,0.0,0.0,0.0,0.0,0.0,0.0,0.0,0.0,0.0,0.07664480212917318,0.040249741080953826,0.03185694342354538,0.028148155290878996,0.029315914355112393,0.0315263555595125,0.0,0.04426014518341032,0.027246623096445825,0.03807442507961784,0.02068234985599692,0.02233314930320708,0.0199562698900724,0.029101366156629543,0.029256643109384927,0.030149517400263403,0.026116397986133362,0.020164648521301003,0.031549851163313346,0.032221292036152906,0.03875206937249145,0.02789997954239608,0.02487868160241522,0.06705545957051726,0.032307697878184445,0.01749896146663652,0.02389401526238536,0.032098883853129936,0.016716906274988962,0.0333090379978503,0.020995949656959584,0.02787464695709771,0.027863119943842198
40,0.0,0.0,0.0,0.0,0.0,0.0,0.0,0.0,0.0,0.0,0.0,0.0,0.0,0.0,0.0,0.0,0.0,0.0,0.0,0.0,0.0,0.0,0.0,0.0,0.0,0.0,0.0,0.0,0.0,0.0,0.0,0.0,0.0,0.037442353495565864,0.029628269281554317,0.028740781305938608,0.06605774305075778,0.036501417662594675,0.033743619717684165,0.04094846060381724,0.0,0.03477917530491355,0.04897170434562107,0.031034480244964344,0.02177091522322261,0.019094796134226842,0.03195295240735016,0.03950607133856978,0.02772882211095066,0.030898528509144766,0.020379294561117874,0.025574201218152657,0.02696047221641323,0.028089733414130204,0.03386110356762109,0.02095278414823083,0.029354671162177957,0.023881387074564383,0.01748912634048307,0.03297440441350791,0.03724243060986654,0.014780085136302584,0.0377506625146466,0.020607434956981044,0.04129534644528087,0.03000677148364682
41,0.0,0.0,0.0,0.0,0.0,0.0,0.0,0.0,0.0,0.0,0.0,0.0,0.0,0.0,0.0,0.0,0.0,0.0,0.0,0.0,0.0,0.0,0.0,0.0,0.0,0.0,0.0,0.0,0.0,0.0,0.0,0.0,0.0,0.027629399872259403,0.025790134692975083,0.02980844239230194,0.024206205347460114,0.03856870150498438,0.03473784178340397,0.030182257465913465,0.04164219076863566,0.0,0.025474059817623167,0.03033444960037115,0.024727090208829735,0.02110265778573596,0.045189189153157894,0.0689185940167961,0.029411974330371654,0.058600676696525786,0.02458475230052782,0.023945134767887667,0.026227685009985537,0.025070974499223023,0.026766768674304366,0.020504208289769756,0.02301140296372924,0.02111585621422078,0.02058795047542918,0.016504798502403415,0.04917611066684597,0.015015723206578917,0.06043420558726378,0.02352551225224956,0.027316675219798175,0.03988837593243732
42,0.0,0.0,0.0,0.0,0.0,0.0,0.0,0.0,0.0,0.0,0.0,0.0,0.0,0.0,0.0,0.0,0.0,0.0,0.0,0.0,0.0,0.0,0.0,0.0,0.0,0.0,0.0,0.0,0.0,0.0,0.0,0.0,0.0,0.043883196551874816,0.03067725415711593,0.027664395030739863,0.044432701890170435,0.031613629608097174,0.031240715439206587,0.0479513408981623,0.06666346373821194,0.02896186540408167,0.0,0.02407028077324042,0.02032824998298361,0.01794558316791472,0.028579893582296872,0.03208610281581186,0.02649448145213284,0.026651682750293854,0.01879232704378375,0.025584322342365174,0.026567546064228294,0.02878276529595214,0.03130365376390245,0.02053578873804737,0.03262545059036711,0.024561288854995752,0.01617986323722024,0.08410500393740886,0.032810241614629865,0.014265507357558726,0.03323845984138192,0.019189036518571286,0.03512460414668095,0.02708930341057127
43,0.0,0.0,0.0,0.0,0.0,0.0,0.0,0.0,0.0,0.0,0.0,0.0,0.0,0.0,0.0,0.0,0.0,0.0,0.0,0.0,0.0,0.0,0.0,0.0,0.0,0.0,0.0,0.0,0.0,0.0,0.0,0.0,0.0,0.030771032640982708,0.027332678305482364,0.028514884493782696,0.02915168102720925,0.050918240513900294,0.03833484619414069,0.032950846302738604,0.05344245792019383,0.04362784657640966,0.030449519760376343,0.0,0.02183597064664788,0.018889905614966798,0.036204386427635765,0.059678498871069754,0.027666028536322232,0.03513799411029561,0.02114551986018035,0.02442178138120234,0.025854851762968666,0.025690046545344018,0.0357948626333379,0.01975979359463324,0.024670795091725938,0.022082238155268486,0.017758863572762486,0.019722874126972382,0.0470173729069519,0.014119808997369448,0.042851514928040055,0.02061210533423172,0.0398742999897364,0.0337164531771202
44,0.0,0.0,0.0,0.0,0.0,0.0,0.0,0.0,0.0,0.0,0.0,0.0,0.0,0.0,0.0,0.0,0.0,0.0,0.0,0.0,0.0,0.0,0.0,0.0,0.0,0.0,0.0,0.0,0.0,0.0,0.0,0.0,0.0,0.024742237762959852,0.025898681666441103,0.04137905379388828,0.01754129650487541,0.02488598000493263,0.027759620791608305,0.027445093651863713,0.02891789582290934,0.027431447541994208,0.019835691198214284,0.016843042962511053,0.0,0.06156378439321891,0.03727620351179312,0.027002260664358915,0.04477848083305281,0.030091271129643975,0.04316783979768483,0.02646447265624694,0.03272491596695691,0.027312890815526618,0.019627625607215544,0.027885816871726893,0.021921266157017845,0.021887393152974634,0.051829516158277245,0.012752383229310067,0.032224320755757735,0.023320172172907435,0.04172259202021479,0.07901590384567937,0.01902313787322148,0.03572771068501587
45,0.0,0.0,0.0,0.0,0.0,0.0,0.0,0.0,0.0,0.0,0.0,0.0,0.0,0.0,0.0,0.0,0.0,0.0,0.0,0.0,0.0,0.0,0.0,0.0,0.0,0.0,0.0,0.0,0.0,0.0,0.0,0.0,0.0,0.02584752102787218,0.02711493280233759,0.04328517487893981,0.018116091580690986,0.025165996026140475,0.02807613796509091,0.028785060462961955,0.029769946742054923,0.02747804928675474,0.020553129153417542,0.017102156333228435,0.07226006336409173,0.0,0.036108641995992855,0.02719835134014744,0.04659070180516887,0.029787478223014238,0.03722675056064538,0.027785720178957907,0.03492324030070575,0.029014928008422758,0.02007398591672505,0.030987059182307444,0.023074539546287576,0.022997880815518568,0.04010710183994343,0.01321063477661082,0.032141485214545094,0.027130059977428417,0.04067048826641944,0.06331199139864593,0.01948435896422592,0.03462034206470585
46,0.0,0.0,0.0,0.0,0.0,0.0,0.0,0.0,0.0,0.0,0.0,0.0,0.0,0.0,0.0,0.0,0.0,0.0,0.0,0.0,0.0,0.0,0.0,0.0,0.0,0.0,0.0,0.0,0.0,0.0,0.0,0.0,0.0,0.025313777008178974,0.025598811773087902,0.033816532889807974,0.019284239470474588,0.033204792604478214,0.035673836334506985,0.02746221002137238,0.0325918005402743,0.03849617857216448,0.02141486358697108,0.0214445336108385,0.028624574073427025,0.023623567609045312,0.0,0.036947360031362696,0.03398569112833279,0.04340602812862633,0.03209019474702714,0.024951067714682924,0.027922184225258575,0.025062297190465103,0.023417921939125615,0.021361920978895083,0.021461019583981403,0.021137034919165843,0.024359635114758287,0.013781767907967485,0.05142433007262206,0.015894211402388954,0.07863307744205864,0.026729794192766786,0.02246698161652945,0.08841776356935707
47,0.0,0.0,0.0,0.0,0.0,0.0,0.0,0.0,0.0,0.0,0.0,0.0,0.0,0.0,0.0,0.0,0.0,0.0,0.0,0.0,0.0,0.0,0.0,0.0,0.0,0.0,0.0,0.0,0.0,0.0,0.0,0.0,0.0,0.02873508015968283,0.02643156197745419,0.029344744178228983,0.025843620294011254,0.045257599010734305,0.0371566684625376,0.031117865256831186,0.045417622898369085,0.06617328211571921,0.027097852275401717,0.03984157508485861,0.023370643981349352,0.020055805271636203,0.04164344096241492,0.0,0.028731343278819238,0.04414660449815411,0.02302778656151417,0.02419875803456915,0.02609901274519904,0.02529991167761589,0.029913283548995518,0.02014604902577498,0.023580090770844928,0.021520240531316036,0.019239536362734604,0.017553719240208564,0.05206782825544819,0.014589535621362474,0.051501660973551106,0.02212802002057705,0.030970478740773456,0.037798778183312044
48,0.0,0.0,0.0,0.0,0.0,0.0,0.0,0.0,0.0,0.0,0.0,0.0,0.0,0.0,0.0,0.0,0.0,0.0,0.0,0.0,0.0,0.0,0.0,0.0,0.0,0.0,0.0,0.0,0.0,0.0,0.0,0.0,0.0,0.02777694587779649,0.031742203866236066,0.09427961813932943,0.01826000689352711,0.0267626607228512,0.03171528119887072,0.030341030488672444,0.03016175709705332,0.02671991701517132,0.021170834838922188,0.017475519275872833,0.036669464665682945,0.032505843276352836,0.036242985166991225,0.027184452529787944,0.0,0.02791279353662575,0.03191043015820943,0.035450154112096406,0.04763446300110384,0.0336074820774083,0.02160448520267504,0.03399399557445494,0.024709007163677688,0.0271838328341589,0.026583792656201997,0.013556463494173164,0.034088764226532835,0.025379151516068305,0.038718437463457586,0.03208526097557491,0.020457656823747186,0.03611530813071572
49,0.0,0.0,0.0,0.0,0.0,0.0,0.0,0.0,0.0,0.0,0.0,0.0,0.0,0.0,0.0,0.0,0.0,0.0,0.0,0.0,0.0,0.0,0.0,0.0,0.0,0.0,0.0,0.0,0.0,0.0,0.0,0.0,0.0,0.02672155860535777,0.025564377097588558,0.03124941805185091,0.022207680314128016,0.03401990833953091,0.033111438845811705,0.029360010408370704,0.03754533457960907,0.059471175504913855,0.023790313228823523,0.024794376953517414,0.02752762307760191,0.023216079784678982,0.051709563019427286,0.04666109549624096,0.03118144722400401,0.0,0.027974227923452954,0.024193003252524565,0.02700857302192438,0.02525371927183397,0.024438987840132924,0.021383881683772372,0.0226057473257866,0.02106475162068866,0.023407748638955398,0.015388602471992969,0.0459281797038087,0.015911214470577112,0.08261478910151308,0.026355944794112206,0.024476261367866504,0.04386296697960196
50,0.0,0.0,0.0,0.0,0.0,0.0,0.0,0.0,0.0,0.0,0.0,0.0,0.0,0.0,0.0,0.0,0.0,0.0,0.0,0.0,0.0,0.0,0.0,0.0,0.0,0.0,0.0,0.0,0.0,0.0,0.0,0.0,0.0,0.02563646444841068,0.026755221046997627,0.041583391425036115,0.018527448350626204,0.027819083392100676,0.031117101401167874,0.028177575891224983,0.030780620663087687,0.03101271394810703,0.020850963673229098,0.018546614507177994,0.0490861013987424,0.03606453389691835,0.047518554116959405,0.030253795372640672,0.044309379493901555,0.03477187851862995,0.0,0.027127794049713487,0.03235886678543825,0.027397661599992663,0.021336442855653826,0.025864993021934814,0.02236250836706624,0.022439940719926502,0.04605974440050992,0.01340676320866214,0.03744710123445442,0.020316318644682817,0.05099242269999736,0.04370464913979181,0.02056660819670559,0.045806743530511826
51,0.0,0.0,0.0,0.0,0.0,0.0,0.0,0.0,0.0,0.0,0.0,0.0,0.0,0.0,0.0,0.0,0.0,0.0,0.0,0.0,0.0,0.0,0.0,0.0,0.0,0.0,0.0,0.0,0.0,0.0,0.0,0.0,0.0,0.035173174266174306,0.054089429363386836,0.0475210281972185,0.019842543540642524,0.028001877858246742,0.03416879820350352,0.0372653464695821,0.03265015000493095,0.025532074263074654,0.02399464698497915,0.018105832345885968,0.025436440964069024,0.022753160433198028,0.03123020798861132,0.026872967297450923,0.041607920797062825,0.025418780178800813,0.02293027993022945,0.0,0.05761024413126692,0.05328264767079046,0.024416279402792992,0.03145464421607384,0.03169177523045104,0.050320582357424315,0.019438965828378934,0.01526388417274967,0.03308869090350241,0.019975152420963756,0.0340676859203937,0.023347347637516586,0.02265441652808705,0.03079302449256073
52,0.0,0.0,0.0,0.0,0.0,0.0,0.0,0.0,0.0,0.0,0.0,0.0,0.0,0.0,0.0,0.0,0.0,0.0,0.0,0.0,0.0,0.0,0.0,0.0,0.0,0.0,0.0,0.0,0.0,0.0,0.0,0.0,0.0,0.03206825326078378,0.040696529029543765,0.06085932426385888,0.01927868784269098,0.02681033187573057,0.03187422252923557,0.034966725977747436,0.03162385194517289,0.025694072363644908,0.022892649516559595,0.017611136286759844,0.028898533956860466,0.026274760980633746,0.03210992567579815,0.026628750987209557,0.05136689690238175,0.026071782901698426,0.025129992063346353,0.0529302427816165,0.0,0.047819806723834,0.022708993608343532,0.04166130699636881,0.029399529521612497,0.036494681956815794,0.021600018018071872,0.014611815907131545,0.032494868758648925,0.024958318680409562,0.03511165177707722,0.026319024312329704,0.021432860963274413,0.03160045163480894
53,0.0,0.0,0.0,0.0,0.0,0.0,0.0,0.0,0.0,0.0,0.0,0.0,0.0,0.0,0.0,0.0,0.0,0.0,0.0,0.0,0.0,0.0,0.0,0.0,0.0,0.0,0.0,0.0,0.0,0.0,0.0,0.0,0.0,0.03984099736974828,0.05524332907901769,0.04120799566749344,0.021021594107150505,0.027161345559102292,0.031545589444463944,0.043599735538553674,0.03415952539318838,0.025463678124227628,0.02571307819118291,0.0181420831888969,0.025005864694886727,0.022631986537683006,0.029880490671002253,0.026762252204777945,0.03757292189602854,0.02527384847592203,0.022059185948359802,0.050753606094028896,0.049577514878558285,0.0,0.024137670654271914,0.03389315672119532,0.03920984532251449,0.0539468184331797,0.019108554716384236,0.016346876429604418,0.03154748211275247,0.02072090422971645,0.03329259800617147,0.023178193986119807,0.02292563368026297,0.029075642643553647
54,0.0,0.0,0.0,0.0,0.0,0.0,0.0,0.0,0.0,0.0,0.0,0.0,0.0,0.0,0.0,0.0,0.0,0.0,0.0,0.0,0.0,0.0,0.0,0.0,0.0,0.0,0.0,0.0,0.0,0.0,0.0,0.0,0.0,0.03709667143560541,0.032722518029754316,0.030431152136871493,0.027960125991420157,0.04999054253706281,0.04664692004169774,0.03773071785298018,0.04949570855083134,0.03267744508948831,0.03361389295159731,0.030384016983415144,0.021599525008083785,0.01882075412255592,0.033559650581131625,0.038033821935164136,0.029032547378887087,0.029398926432216768,0.02064905725340385,0.02795521396848702,0.028299388564627184,0.029013330445785548,0.0,0.02086465544687826,0.028316343212619288,0.025891800846465213,0.01728986854834178,0.021334552487916335,0.04345288301499167,0.014576291337774331,0.0377865969304045,0.0202259222286868,0.052917711564786245,0.03223144709006844
55,0.0,0.0,0.0,0.0,0.0,0.0,0.0,0.0,0.0,0.0,0.0,0.0,0.0,0.0,0.0,0.0,0.0,0.0,0.0,0.0,0.0,0.0,0.0,0.0,0.0,0.0,0.0,0.0,0.0,0.0,0.0,0.0,0.0,0.031648479147089875,0.03551878260797103,0.05068070515637685,0.019862124112831652,0.026204530707396846,0.029899994958025294,0.03552075317585631,0.03233492048395738,0.026427663813116512,0.02328084770449304,0.017708040821532777,0.03239838985965089,0.030672373795670234,0.03232012272858395,0.027043281469595875,0.04822886653789048,0.027158039751156878,0.026427385372299234,0.03802171765777871,0.054812003320893345,0.04301083437512816,0.022027988341749394,0.0,0.02958822893810156,0.031125131049368183,0.023743176183432902,0.014902160909739047,0.03183196910429366,0.03906179786656555,0.03613729800104121,0.029826464393937626,0.021225641884250933,0.03135028577022468
56,0.0,0.0,0.0,0.0,0.0,0.0,0.0,0.0,0.0,0.0,0.0,0.0,0.0,0.0,0.0,0.0,0.0,0.0,0.0,0.0,0.0,0.0,0.0,0.0,0.0,0.0,0.0,0.0,0.0,0.0,0.0,0.0,0.0,0.06552446925659228,0.04443880570563289,0.03291272487273919,0.025128186745246358,0.02817088416961674,0.031006358994493454,0.08453490557850428,0.039999485269417885,0.026188220617636235,0.03265810981817553,0.019521733583860775,0.022488102696140645,0.02016727380868157,0.028670163694804518,0.02794873134971289,0.03095332173151953,0.025349994563585207,0.020174810910223124,0.033825221335213464,0.03415311260798914,0.04393474414045086,0.026396595234197878,0.026125589283213034,0.0,0.03596459302222941,0.017517956117122334,0.020599549040295366,0.0313004691590029,0.017249950478878926,0.03259919569492366,0.021085667996674877,0.0258522166230049,0.027558855900220114
57,0.0,0.0,0.0,0.0,0.0,0.0,0.0,0.0,0.0,0.0,0.0,0.0,0.0,0.0,0.0,0.0,0.0,0.0,0.0,0.0,0.0,0.0,0.0,0.0,0.0,0.0,0.0,0.0,0.0,0.0,0.0,0.0,0.0,0.03970641435747325,0.09172852733404584,0.03805381341910614,0.020158575065855187,0.027032270486748392,0.03217934972296181,0.04129703699180552,0.032994965757028726,0.02436590465732932,0.024928527760750423,0.017716962909709862,0.022766285142741063,0.020380410224748256,0.028630889299075816,0.025862749828121163,0.03452817375982576,0.023951145847008914,0.02052681713395337,0.054456620944866294,0.04298633748123401,0.06129001963758647,0.024472816532977424,0.027865655554950894,0.03646582985930964,0.0,0.0175397644644166,0.015804641438063986,0.03100562843988482,0.01778986605300171,0.03165653923025572,0.021070546096964956,0.02280130371014423,0.027985610858054427
58,0.0,0.0,0.0,0.0,0.0,0.0,0.0,0.0,0.0,0.0,0.0,0.0,0.0,0.0,0.0,0.0,0.0,0.0,0.0,0.0,0.0,0.0,0.0,0.0,0.0,0.0,0.0,0.0,0.0,0.0,0.0,0.0,0.0,0.02476528928269089,0.025574214738759753,0.038956109496021185,0.0179349149525599,0.025732496126003184,0.028393888596764033,0.02743694055940374,0.029639220459144026,0.029140532738278803,0.02014331072112896,0.01747720117564706,0.06612806493775782,0.043597030663890084,0.040473622754099464,0.028361729310263626,0.04141812042205755,0.032646762944138215,0.05168112507540646,0.025804099943043616,0.031207968719525723,0.026629455828948212,0.020045824129731108,0.026073985450398036,0.021787375232088325,0.02151464997641663,0.0,0.012960736546587873,0.0337337182745358,0.021131133523298103,0.04579869808005677,0.06601311732631746,0.01948091608164563,0.03831774593339202
59,0.0,0.0,0.0,0.0,0.0,0.0,0.0,0.0,0.0,0.0,0.0,0.0,0.0,0.0,0.0,0.0,0.0,0.0,0.0,0.0,0.0,0.0,0.0,0.0,0.0,0.0,0.0,0.0,0.0,0.0,0.0,0.0,0.0,0.04053757636450956,0.028807587107765282,0.026255574402181722,0.045723545774420365,0.03009092964362218,0.029580601772121747,0.04465100563068708,0.06660308138264194,0.027842825087353515,0.12479481493063466,0.023133727608982534,0.019391826439098918,0.01711504386770926,0.02729134457725535,0.03084082262656808,0.025173207439156346,0.025579871680945145,0.01792887647149017,0.024149009423683917,0.025161369801870892,0.027151131389120755,0.02948047400636123,0.01950457773022437,0.03053499774086589,0.023105420429341855,0.015447150682070247,0.0,0.03128010067085909,0.01357480102144159,0.03181598587094915,0.018316841686568597,0.03330038538359497,0.025835491355903684
60,0.0,0.0,0.0,0.0,0.0,0.0,0.0,0.0,0.0,0.0,0.0,0.0,0.0,0.0,0.0,0.0,0.0,0.0,0.0,0.0,0.0,0.0,0.0,0.0,0.0,0.0,0.0,0.0,0.0,0.0,0.0,0.0,0.0,0.028449084062935545,0.028147300861849557,0.032767940761495314,0.02205424560690109,0.05137687400930684,0.049958467371351206,0.030319175976049086,0.03802250573752416,0.041931712994346386,0.02460761305329558,0.027875272944843113,0.02476831637465932,0.02104774755296784,0.051472350184764155,0.04623933974058067,0.031995489437659744,0.03858902169385888,0.02531236332030551,0.02646057023894928,0.028283309806584365,0.026485197091895396,0.030349733056017184,0.02105892331608735,0.023451810757388857,0.02291158429803706,0.02032208523068257,0.015810787319934964,0.0,0.01520897594757472,0.053884569661371985,0.023128818887975768,0.028259628498703913,0.0494491842041027
61,0.0,0.0,0.0,0.0,0.0,0.0,0.0,0.0,0.0,0.0,0.0,0.0,0.0,0.0,0.0,0.0,0.0,0.0,0.0,0.0,0.0,0.0,0.0,0.0,0.0,0.0,0.0,0.0,0.0,0.0,0.0,0.0,0.0,0.029415756240682198,0.03185387219571831,0.0494153570905076,0.01934413306634243,0.025779826838857,0.029128271442088315,0.03301777441980707,0.03155324856217137,0.026773127566978278,0.022372355344520114,0.017504673606407842,0.037480803558940644,0.03714966185824257,0.033266626850364675,0.02709243594518267,0.0498102848112172,0.02795453620183554,0.028715999202013964,0.033402128452194306,0.045425027115681076,0.03637572315363572,0.021288631538783756,0.05403676146755586,0.027025753581169015,0.027488540831644277,0.026618971741276153,0.014347731909944162,0.03180272978207459,0.0,0.037353895265042306,0.03445461806896784,0.020605480883967266,0.03214526140618612
62,0.0,0.0,0.0,0.0,0.0,0.0,0.0,0.0,0.0,0.0,0.0,0.0,0.0,0.0,0.0,0.0,0.0,0.0,0.0,0.0,0.0,0.0,0.0,0.0,0.0,0.0,0.0,0.0,0.0,0.0,0.0,0.0,0.0,0.026118709542261098,0.02570607559563459,0.032832304975215984,0.020698960280835836,0.03369368723515243,0.034263819822903725,0.028540570028794243,0.03496233140236559,0.04674598713616944,0.022613825822305908,0.023046237856063384,0.02909089523426482,0.024159734753732162,0.07139761734606138,0.04148933620547582,0.03296616388183597,0.06296735117568382,0.03126750496009579,0.02471356163741871,0.02772297252722546,0.025354747137900244,0.02394126813797085,0.02168709720706492,0.022156722036367024,0.021220279904588996,0.025028238095290787,0.014588271262706128,0.04888071042700583,0.01620483305136529,0.0,0.027610153111123123,0.023461119959671727,0.05486891224944888
63,0.0,0.0,0.0,0.0,0.0,0.0,0.0,0.0,0.0,0.0,0.0,0.0,0.0,0.0,0.0,0.0,0.0,0.0,0.0,0.0,0.0,0.0,0.0,0.0,0.0,0.0,0.0,0.0,0.0,0.0,0.0,0.0,0.0,0.024849932759139895,0.025710721816213544,0.039415973344139044,0.017805545351824128,0.024969304138529557,0.027583878573175635,0.027641064243774858,0.02932367717934475,0.027958849153745302,0.020058802625452763,0.01703236273402699,0.08464844842966066,0.057785308235563514,0.03729003110640662,0.02738901988307422,0.04197346780380526,0.03086419113069826,0.04117502807587304,0.026022495308948658,0.031928388838373525,0.0271212607922599,0.019689577057572717,0.027502122310713802,0.022019359045494687,0.021701120048568754,0.05542759970555713,0.012904100049817487,0.03223630309849687,0.02296544098291905,0.04242164445317766,0.0,0.01916392018036149,0.0354210615432902
64,0.0,0.0,0.0,0.0,0.0,0.0,0.0,0.0,0.0,0.0,0.0,0.0,0.0,0.0,0.0,0.0,0.0,0.0,0.0,0.0,0.0,0.0,0.0,0.0,0.0,0.0,0.0,0.0,0.0,0.0,0.0,0.0,0.0,0.036673439777518385,0.03057077477382486,0.028949692188845244,0.03281244153606236,0.04529884791497775,0.0395382000372518,0.03807041585337164,0.06096135527572226,0.03367960962596375,0.03809099187773748,0.034182563079938416,0.021141979770385604,0.01844915968808678,0.032516281020936566,0.03976865122432343,0.027764136581731387,0.029735852939372323,0.02010147601818553,0.026195294047036456,0.02697406333156529,0.027829835406623687,0.05344266622859296,0.02030412478753025,0.028007484412242028,0.024362679098714292,0.016969311155718494,0.024338028594257034,0.04086177528099019,0.014248498829466444,0.0373961103292981,0.019881235096687586,0.0,0.030883024217041748
65,0.0,0.0,0.0,0.0,0.0,0.0,0.0,0.0,0.0,0.0,0.0,0.0,0.0,0.0,0.0,0.0,0.0,0.0,0.0,0.0,0.0,0.0,0.0,0.0,0.0,0.0,0.0,0.0,0.0,0.0,0.0,0.0,0.0,0.02581794429522616,0.026546887078374704,0.03580170103707071,0.019231978658739494,0.0336478496810608,0.037686897364636616,0.027906383429097962,0.03248391294526806,0.03606460098116622,0.021542904100102494,0.02119576041782717,0.029118181834152334,0.024039054932608158,0.09384069842982484,0.03559313750845914,0.03594307053026468,0.03907769063808205,0.03283146477018875,0.02611068776395849,0.02916453679869783,0.025882974174558336,0.023870550445525697,0.02199178660182397,0.021894400998942506,0.021927833443415624,0.024476558739754434,0.01384676846988398,0.052433093489845185,0.01630042342330325,0.06413566620465598,0.02694735523700698,0.022647245576477338,0.0
